{"credit":"Model by CyanideX","parent":"block/cube_all","texture_size":[32,32],"textures":{"all":"mekanism:block/models/electric_pump","particle":"mekanism:block/steel_casing"},"elements":[{"name":"pumpCasing","from":[4,1,4],"to":[12,12,12],"rotation":{"angle":0,"axis":"y","origin":[7,8,7]},"faces":{"north":{"uv":[4,4,8,9.5],"texture":"#all"},"east":{"uv":[0,4,4,9.5],"texture":"#all"},"south":{"uv":[0,4,4,9.5],"texture":"#all"},"west":{"uv":[0,4,4,9.5],"texture":"#all"},"up":{"uv":[0,0,4,4],"texture":"#all"},"down":{"uv":[0,0,4,4],"texture":"#all"}}},{"name":"powerConnectorFrame1","from":[10,10,1],"to":[11,11,5],"faces":{"east":{"uv":[4,12,6,12.5],"texture":"#all"},"west":{"uv":[4,12.5,6,13],"texture":"#all"},"up":{"uv":[4,11.5,4.5,13.5],"texture":"#all"},"down":{"uv":[5.5,11.5,6,13.5],"texture":"#all"}}},{"name":"powerConnectorFrame2","from":[5,10,1],"to":[6,11,5],"rotation":{"angle":0,"axis":"y","origin":[3,8,8]},"faces":{"east":{"uv":[4,12,6,12.5],"texture":"#all"},"west":{"uv":[4,12.5,6,13],"texture":"#all"},"up":{"uv":[4,11.5,4.5,13.5],"texture":"#all"},"down":{"uv":[5.5,11.5,6,13.5],"texture":"#all"}}},{"name":"powerConnectorFrame3","from":[5,5,1],"to":[6,6,5],"rotation":{"angle":0,"axis":"y","origin":[3,3,8]},"faces":{"east":{"uv":[4,12,6,12.5],"texture":"#all"},"west":{"uv":[4,12.5,6,13],"texture":"#all"},"up":{"uv":[4,11.5,4.5,13.5],"texture":"#all"},"down":{"uv":[5.5,11.5,6,13.5],"texture":"#all"}}},{"name":"powerConnectorFrame4","from":[10,5,1],"to":[11,6,5],"rotation":{"angle":0,"axis":"y","origin":[8,3,8]},"faces":{"east":{"uv":[4,12,6,12.5],"texture":"#all"},"west":{"uv":[4,12.5,6,13],"texture":"#all"},"up":{"uv":[4,11.5,4.5,13.5],"texture":"#all"},"down":{"uv":[5.5,11.5,6,13.5],"texture":"#all"}}},{"name":"pumpBase","from":[5,0,5],"to":[11,15,11],"faces":{"north":{"uv":[8,0.5,11,8],"texture":"#all"},"east":{"uv":[8,0.5,11,8],"texture":"#all"},"south":{"uv":[8,0.5,11,8],"texture":"#all"},"west":{"uv":[8,0.5,11,8],"texture":"#all"},"down":{"uv":[4,0,7,3],"texture":"#all"}}},{"name":"pumpPortTop","from":[4,15,4],"to":[12,16,12],"faces":{"north":{"uv":[12,11.5,16,12],"texture":"#all"},"east":{"uv":[12,11.5,16,12],"texture":"#all"},"south":{"uv":[12,11.5,16,12],"texture":"#all"},"west":{"uv":[12,11.5,16,12],"texture":"#all"},"up":{"uv":[12,8,16,12],"texture":"#all"},"down":{"uv":[0,9.5,4,13.5],"texture":"#all"}}},{"name":"pumpRingTop","from":[4,13,4],"to":[12,14,12],"faces":{"north":{"uv":[0,13,4,13.5],"texture":"#all"},"east":{"uv":[0,13,4,13.5],"texture":"#all"},"south":{"uv":[0,13,4,13.5],"texture":"#all"},"west":{"uv":[0,13,4,13.5],"texture":"#all"},"up":{"uv":[0,9.5,4,13.5],"texture":"#all"},"down":{"uv":[0,9.5,4,13.5],"texture":"#all"}}},{"name":"powerConnector","from":[6,6,1],"to":[10,10,4],"rotation":{"angle":0,"axis":"y","origin":[9,9,8]},"faces":{"north":{"uv":[0.5,4.125,1.125,4.75],"texture":"#all"},"east":{"uv":[6,9.5,8,11],"rotation":90,"texture":"#all"},"south":{"uv":[1.625,4.125,2.25,4.75],"texture":"#all"},"west":{"uv":[6,10,8,11.5],"rotation":90,"texture":"#all"},"up":{"uv":[6,11,8,9.5],"texture":"#all"},"down":{"uv":[4,10,6,11.5],"texture":"#all"}}},{"name":"powerPort","from":[4,4,0],"to":[12,12,1],"faces":{"north":{"uv":[12,4,16,8],"texture":"#all"},"east":{"uv":[12,4,12.5,8],"texture":"#all"},"south":{"uv":[0,9.5,4,13.5],"texture":"#all"},"west":{"uv":[15.5,4,16,8],"texture":"#all"},"up":{"uv":[16,7.5,12,8],"texture":"#all"},"down":{"uv":[16,7.5,12,8],"texture":"#all"}}}]}