{"credit":"Made with Blockbench","parent":"block/cube_all","textures":{"particle":"#frame"},"elements":[{"name":"S1","from":[0,3,3],"to":[1,13,13],"faces":{"north":{"uv":[0,3,1,13],"texture":"#side_empty"},"east":{"uv":[3,3,13,13],"texture":"#side_empty"},"south":{"uv":[1,3,2,13],"texture":"#side_empty"},"west":{"uv":[3,3,13,13],"texture":"#side_empty"},"up":{"uv":[14,3,15,13],"texture":"#side_empty"},"down":{"uv":[15,3,16,13],"texture":"#side_empty"}}},{"name":"Base1","from":[1,1,1],"to":[1,15,15],"faces":{"north":{"uv":[1,1,15,15],"texture":"#frame"},"east":{"uv":[1,1,15,15],"texture":"#frame"},"south":{"uv":[1,1,15,15],"texture":"#frame"},"west":{"uv":[1,1,15,15],"texture":"#frame"},"up":{"uv":[1,1,15,15],"texture":"#frame"},"down":{"uv":[1,1,15,15],"texture":"#frame"}}},{"name":"Base2","from":[1,1,1],"to":[15,1,15],"faces":{"north":{"uv":[1,1,15,15],"texture":"#frame"},"east":{"uv":[1,1,15,15],"texture":"#frame"},"south":{"uv":[1,1,15,15],"texture":"#frame"},"west":{"uv":[1,1,15,15],"texture":"#frame"},"up":{"uv":[1,1,15,15],"texture":"#frame"},"down":{"uv":[1,1,15,15],"texture":"#frame"}}},{"name":"Base3","from":[1,1,1],"to":[15,15,1],"faces":{"north":{"uv":[1,1,15,15],"texture":"#frame"},"east":{"uv":[1,1,15,15],"texture":"#frame"},"south":{"uv":[1,1,15,15],"texture":"#frame"},"west":{"uv":[1,1,15,15],"texture":"#frame"},"up":{"uv":[1,1,15,15],"texture":"#frame"},"down":{"uv":[1,1,15,15],"texture":"#frame"}}},{"name":"Base4","from":[1,1,15],"to":[15,15,15],"faces":{"north":{"uv":[1,1,15,15],"texture":"#frame"},"east":{"uv":[1,1,15,15],"texture":"#frame"},"south":{"uv":[1,1,15,15],"texture":"#frame"},"west":{"uv":[1,1,15,15],"texture":"#frame"},"up":{"uv":[1,1,15,15],"texture":"#frame"},"down":{"uv":[1,1,15,15],"texture":"#frame"}}},{"name":"Base5","from":[15,1,1],"to":[15,15,15],"faces":{"north":{"uv":[1,1,15,15],"texture":"#frame"},"east":{"uv":[1,1,15,15],"texture":"#frame"},"south":{"uv":[1,1,15,15],"texture":"#frame"},"west":{"uv":[1,1,15,15],"texture":"#frame"},"up":{"uv":[1,1,15,15],"texture":"#frame"},"down":{"uv":[1,1,15,15],"texture":"#frame"}}},{"name":"Base6","from":[1,15,1],"to":[15,15,15],"faces":{"north":{"uv":[1,1,15,15],"texture":"#frame"},"east":{"uv":[1,1,15,15],"texture":"#frame"},"south":{"uv":[1,1,15,15],"texture":"#frame"},"west":{"uv":[1,1,15,15],"texture":"#frame"},"up":{"uv":[1,1,15,15],"texture":"#frame"},"down":{"uv":[1,1,15,15],"texture":"#frame"}}},{"name":"S6","from":[3,15,3],"to":[13,16,13],"faces":{"north":{"uv":[0,3,1,13],"rotation":90,"texture":"#side_empty"},"east":{"uv":[15,3,16,13],"rotation":90,"texture":"#side_empty"},"south":{"uv":[1,3,2,13],"rotation":90,"texture":"#side_empty"},"west":{"uv":[14,3,15,13],"rotation":90,"texture":"#side_empty"},"up":{"uv":[3,3,13,13],"texture":"#side_full"},"down":{"uv":[3,3,13,13],"texture":"#side_full"}}},{"name":"S2","from":[3,3,15],"to":[13,13,16],"faces":{"north":{"uv":[3,3,13,13],"texture":"#side_empty"},"east":{"uv":[1,3,2,13],"texture":"#side_empty"},"south":{"uv":[3,3,13,13],"texture":"#side_empty"},"west":{"uv":[0,3,1,13],"texture":"#side_empty"},"up":{"uv":[14,3,15,13],"rotation":90,"texture":"#side_empty"},"down":{"uv":[15,3,16,13],"rotation":90,"texture":"#side_empty"}}},{"name":"S4","from":[3,0,3],"to":[13,1,13],"faces":{"north":{"uv":[0,3,1,13],"rotation":90,"texture":"#side_empty"},"east":{"uv":[15,3,16,13],"rotation":90,"texture":"#side_empty"},"south":{"uv":[1,3,2,13],"rotation":90,"texture":"#side_empty"},"west":{"uv":[14,3,15,13],"rotation":90,"texture":"#side_empty"},"up":{"uv":[3,3,13,13],"texture":"#side_empty"},"down":{"uv":[3,3,13,13],"texture":"#side_empty"}}},{"name":"S5","from":[3,3,0],"to":[13,13,1],"faces":{"north":{"uv":[3,3,13,13],"texture":"#side_empty"},"east":{"uv":[14,3,15,13],"texture":"#side_empty"},"south":{"uv":[3,3,13,13],"texture":"#side_empty"},"west":{"uv":[1,3,2,13],"texture":"#side_empty"},"up":{"uv":[15,3,16,13],"rotation":90,"texture":"#side_empty"},"down":{"uv":[0,3,1,13],"rotation":90,"texture":"#side_empty"}}},{"name":"S3","from":[15,3,3],"to":[16,13,13],"faces":{"north":{"uv":[0,3,1,13],"texture":"#side_empty"},"east":{"uv":[3,3,13,13],"texture":"#side_empty"},"south":{"uv":[1,3,2,13],"texture":"#side_empty"},"west":{"uv":[3,3,13,13],"texture":"#side_empty"},"up":{"uv":[14,3,15,13],"texture":"#side_empty"},"down":{"uv":[15,3,16,13],"texture":"#side_empty"}}}]}